timestamp,ret,equity,drawdown,benchmark_equity,active_ret
2023-11-13 16:00:00,0.0,1000000.0,0.0,1000000.0,0.0
2023-11-14 16:00:00,0.0,1000000.0,0.0,1007414.8058178558,-0.007414805817855807
2023-11-15 16:00:00,0.0,1000000.0,0.0,1007138.1339589807,0.0002746354900458048
2023-11-16 16:00:00,0.0,1000000.0,0.0,997202.8475067716,0.00986486969086775
2023-11-17 16:00:00,0.0,1000000.0,0.0,1014436.7375961087,-0.01728223112521765
2023-11-18 16:00:00,0.0,1000000.0,0.0,1011819.4218111491,0.0025800680199750126
2023-11-19 16:00:00,0.0,1000000.0,0.0,1036487.4847484637,-0.024379906538222862
2023-11-20 16:00:00,0.0,1000000.0,0.0,1022991.4314725308,0.013020951506431566
2023-11-21 16:00:00,0.0,1000000.0,0.0,1009301.707895385,0.013382051067075351
2023-11-22 16:00:00,0.0,1000000.0,0.0,1022285.9182323992,-0.012864548068673098
2023-11-23 16:00:00,0.0,1000000.0,0.0,1057348.5429076555,-0.03429825653461216
2023-11-24 16:00:00,0.0,1000000.0,0.0,1043111.0090499369,0.013465317518257636
2023-11-25 16:00:00,0.0,1000000.0,0.0,1035851.1394730512,0.006959824519058633
2023-11-26 16:00:00,0.0,1000000.0,0.0,1016738.6474619511,0.01845100254542631
2023-11-27 16:00:00,0.0,1000000.0,0.0,1038003.6465351003,-0.020914911738854736
2023-11-28 16:00:00,0.0,1000000.0,0.0,1046563.8738486997,-0.00824681815152939
2023-11-29 16:00:00,0.0,1000000.0,0.0,1040745.4646565539,0.005559535674348193
2023-11-30 16:00:00,0.0,1000000.0,0.0,1062793.44509032,-0.021184796074073642
2023-12-01 16:00:00,0.0,1000000.0,0.0,1073708.1499229472,-0.010269827013940303
2023-12-02 16:00:00,0.0,1000000.0,0.0,1100199.4804102494,-0.024672747887033664
2023-12-03 16:00:00,0.0,1000000.0,0.0,1141827.5282966148,-0.037836818347562584
2023-12-04 16:00:00,0.0,1000000.0,0.0,1169350.8448175215,-0.024104618113355736
2023-12-05 16:00:00,0.0,1000000.0,0.0,1211219.5972211082,-0.03580512434667993
2023-12-06 16:00:00,0.0,1000000.0,0.0,1207860.8008543632,0.002773069701358044
2023-12-07 16:00:00,0.0,1000000.0,0.0,1210638.58631747,-0.0022997562808082517
2023-12-08 16:00:00,0.0,1000000.0,0.0,1218667.603662029,-0.0066320514109678985
2023-12-09 16:00:00,0.0,1000000.0,0.0,1214913.1665370923,0.0030807720773531333
2023-12-10 16:00:00,0.0,1000000.0,0.0,1156516.0372843,0.048066916106641266
2023-12-11 16:00:00,0.0,1000000.0,0.0,1144146.0384739889,0.01069591636563716
2023-12-12 16:00:00,0.0,1000000.0,0.0,1160237.2737861718,-0.014063969782777352
2023-12-13 16:00:00,0.0,1000000.0,0.0,1174350.3053073967,-0.012163918398492957
2023-12-14 16:00:00,0.0,1000000.0,0.0,1159282.7558730524,0.012830540739204976
2023-12-15 16:00:00,0.0,1000000.0,0.0,1178699.5869289155,-0.01674900360373277
2023-12-16 16:00:00,0.0,1000000.0,0.0,1156759.5085201105,0.01861380003192281
2023-12-17 16:00:00,0.0,1000000.0,0.0,1141736.2265831863,0.012987385732531553
2023-12-18 16:00:00,0.0,1000000.0,0.0,1175385.0580595902,-0.029471633371136008
2023-12-19 16:00:00,0.0,1000000.0,0.0,1218390.9318031543,-0.03658875314831822
2023-12-20 16:00:00,0.0,1000000.0,0.0,1212475.6874604018,0.004854964189529909
2023-12-21 16:00:00,0.0,1000000.0,0.0,1208261.9750497325,0.003475296415629825
2023-12-22 16:00:00,0.0,1000000.0,0.0,1210599.8522572282,-0.0019349091966578413
2023-12-23 16:00:00,0.0,1000000.0,0.0,1208508.2130041316,0.0017277709469374347
2023-12-24 16:00:00,0.0,1000000.0,0.0,1206754.113418863,0.0014514585555925885
2023-12-25 16:00:00,0.0,1000000.0,0.0,1172889.4778925362,0.02806258139065676
2023-12-26 16:00:00,0.0,1000000.0,0.0,1189077.5483553254,-0.013801872016002692
2023-12-27 16:00:00,0.0,1000000.0,0.0,1174330.9382772762,0.012401722745876365
2023-12-28 16:00:00,0.0,1000000.0,0.0,1169386.812159176,0.004210164236457259
2023-12-29 16:00:00,0.0,1000000.0,0.0,1172391.468546561,-0.002569429000004897
2023-12-30 16:00:00,0.0,1000000.0,0.0,1174679.544819459,-0.001951631630119799
2023-12-31 16:00:00,0.0,1000000.0,0.0,1183679.68038867,-0.007661779426485271
2024-01-01 16:00:00,0.0,1000000.0,0.0,1250111.3604231987,-0.056123021401123685
2024-01-02 16:00:00,-0.04959837737950856,950401.6226204914,-0.04959837737950857,1189298.8858424255,-0.0009527314746619053
2024-01-03 16:00:00,0.024831256994592987,974001.289559859,-0.025998710440141033,1218952.5756766715,-0.00010250035374670396
2024-01-04 16:00:00,-0.012753867236413696,961579.0064247168,-0.03842099357528321,1203528.119544378,-0.00010000650378350073
2024-01-05 16:00:00,0.00828929451333904,969549.8180068153,-0.03045018199318473,1213623.8756747348,-9.917266612213815e-05
2024-01-06 16:00:00,0.004072683414152012,973498.4874698056,-0.026501512530194362,1218686.9706921515,-9.91981044129453e-05
2024-01-07 16:00:00,0.020790176111259884,993737.6924683481,-0.006262307531651925,1244138.014990083,-9.381207438274863e-05
2024-01-08 16:00:00,0.042113086603230654,1035587.0539721622,0.0,1296636.5002116556,-8.358658659313178e-05
2024-01-09 16:00:00,-0.02824699221982474,1006334.8345156593,-0.028246992219824785,1260157.3156189579,-0.00011329045626728984
2024-01-10 16:00:00,0.02689449346063344,1033399.7001417483,-0.002112187306729977,1294154.7536375446,-8.423181216166142e-05
2024-01-11 16:00:00,-0.049485540982081355,982261.3569295133,-0.05149320555728227,1230285.0550162005,-0.0001330980521903058
2024-01-12 16:00:00,-0.029658052274613156,953129.3982583653,-0.07962406964969013,1193949.739790118,-0.00012399016605246782
2024-01-13 16:00:00,-0.005847710234067827,947555.773721779,-0.08500616139678932,1187093.81112719,-0.00010548471615512423
2024-01-14 16:00:00,-0.014749630874146713,933579.6758267162,-0.09850198276830528,1169721.5851084152,-0.00011538221078355448
2024-01-15 16:00:00,0.02299758552258324,955049.7542636866,-0.07776970501858024,1196708.158223104,-7.335157753662891e-05
2024-01-16 16:00:00,-0.01809299577852841,937770.0430915091,-0.09445561385251006,1175202.4546327335,-0.00012227882252247024
2024-01-17 16:00:00,0.0032639257206810157,940830.8548552397,-0.0914999842393449,1179150.5620588828,-9.558685571420256e-05
2024-01-18 16:00:00,-0.04053036163047197,902698.6400748508,-0.12832181841941376,1131546.4020208125,-0.0001587911374301143
2024-01-19 16:00:00,0.01634264201768798,917451.1207994479,-0.11407629394321296,1150122.1506256948,-7.360796703026473e-05
2024-01-20 16:00:00,0.001979352165820236,919267.0796624364,-0.11232273893687804,1152509.8287677877,-9.6669186167464e-05
2024-01-21 16:00:00,-0.02136425880308046,899627.6198633761,-0.13128730567584018,1128046.5030060408,-0.00013812679872104994
2024-01-22 16:00:00,-0.03862968496338148,864875.2883236972,-0.16484540338127282,1084667.1222529954,-0.00017437249403973176
2024-01-23 16:00:00,0.02151958449608915,883487.0451693584,-0.14687322347203893,1108068.0280766613,-5.468962319943316e-05
2024-01-24 16:00:00,-0.006325920589413392,877898.1762798416,-0.152270035713057,1101184.4322278458,-0.00011367037156007065
2024-01-25 16:00:00,-0.0008058753135998797,877190.6998117233,-0.15295320036387472,1145922.2718079684,-0.041432893159840334
2024-01-26 16:00:00,0.0,877190.6998117233,-0.15295320036387472,1157055.5474091072,-0.009715559139603203
2024-01-27 16:00:00,0.0,877190.6998117233,-0.15295320036387472,1169220.8090438507,-0.010513982377063913
2024-01-28 16:00:00,0.0,877190.6998117233,-0.15295320036387472,1179773.0737413517,-0.009025040108660232
2024-01-29 16:00:00,0.0,877190.6998117233,-0.15295320036387472,1200122.2889616238,-0.017248414693632474
2024-01-30 16:00:00,0.0,877190.6998117233,-0.15295320036387472,1199488.7104047996,0.0005279283308474714
2024-01-31 16:00:00,0.0,877190.6998117233,-0.15295320036387472,1176176.3395759736,0.019435256561071368
2024-02-01 16:00:00,0.0,877190.6998117233,-0.15295320036387472,1196185.2484098296,-0.017011827360061904
2024-02-02 16:00:00,0.0,877190.6998117233,-0.15295320036387472,1193053.3229673621,0.00261826121550246
2024-02-03 16:00:00,0.0,877190.6998117233,-0.15295320036387472,1187918.2932666382,0.004304107454268791
2024-02-04 16:00:00,0.0,877190.6998117233,-0.15295320036387472,1179709.4392138105,0.006910285075461098
2024-02-05 16:00:00,0.0,877190.6998117233,-0.15295320036387472,1196542.1551077787,-0.014268526922346148
2024-02-06 16:00:00,0.0,877190.6998117233,-0.15295320036387472,1191636.7630499213,0.004099639980854386
2024-02-07 16:00:00,0.0,877190.6998117233,-0.15295320036387472,1257055.8240809666,-0.0548984917716111
2024-02-08 16:00:00,0.0,877190.6998117233,-0.15295320036387472,1304742.9856766993,-0.03793559576448935
2024-02-09 16:00:00,0.0,877190.6998117233,-0.15295320036387472,1309949.9500607308,-0.003990796993118995
2024-02-10 16:00:00,0.0,877190.6998117233,-0.15295320036387472,1332130.732986757,-0.016932542289114227
2024-02-11 16:00:00,0.0,877190.6998117233,-0.15295320036387472,1381068.4513846056,-0.036736423224863035
2024-02-12 16:00:00,-0.024898907594002928,855349.6096347924,-0.17404374035581055,1348031.0647163158,-0.0009772934008991374
2024-02-13 16:00:00,0.058753242347762136,905604.172541729,-0.1255161320642844,1427375.020404551,-0.0001059024931859831
2024-02-14 16:00:00,0.006821751515122765,911781.9791778672,-0.11955062041324344,1437254.972484985,-0.00010001181910856971
2024-02-15 16:00:00,-0.0014322532089958706,910476.076512285,-0.12081164686251503,1435340.4032215686,-0.00010015187689460525
2024-02-16 16:00:00,-0.017426552076691637,894609.6177503618,-0.1361328684836862,1410475.9032644525,-0.0001034836942308548
2024-02-17 16:00:00,0.01562264674264413,908585.7877810476,-0.1226369774554255,1432645.619316124,-9.525102530849594e-05
2024-02-18 16:00:00,0.006588412992679427,914571.9261902282,-0.11685654751839629,1442223.999070384,-9.738538279902009e-05
2024-02-19 16:00:00,-0.008750433582199957,906569.0252939559,-0.12458443564289132,1429754.3983908778,-0.00010434206829945669
2024-02-20 16:00:00,-0.0101705732802303,897348.6985886168,-0.13348791379083946,1415364.6950107776,-0.00010611507937074993
2024-02-21 16:00:00,0.00861851596089136,905082.512669888,-0.12601986554554045,1427695.959760846,-9.391327627739088e-05
2024-02-22 16:00:00,-0.01355788511836653,892811.5079404671,-0.13786918780420857,1408497.6994734947,-0.0001108622028100914
2024-02-23 16:00:00,0.0036826733992296745,896099.4411312855,-0.1346942415954789,1413820.8660382535,-9.664875851966848e-05
2024-02-24 16:00:00,0.008148754637973266,903401.5356082894,-0.127643077283415,1425471.5180154892,-9.178859992808874e-05
2024-02-25 16:00:00,0.02556953672741491,926501.0943526286,-0.10533731490859867,1462022.637291494,-7.188704995431117e-05
2024-02-26 16:00:00,0.0738786129576221,994949.7101071198,-0.03924087666910407,1570054.6980265004,-1.3581307676036047e-05
2024-02-27 16:00:00,0.07433425420429529,1068908.5547787123,0.0,1686782.555285955,-1.2109273472171722e-05
2024-02-28 16:00:00,0.029415035532049494,1100350.53789804,0.0,1736508.7884815978,-6.489538128207073e-05
2024-02-29 16:00:00,-0.023896774967333334,1074055.7087087063,-0.02389677496733329,1695237.6472931814,-0.00013004170219177436
2024-03-01 16:00:00,0.00814011676423676,1082798.6475888903,-0.015951180741619282,1709187.4424176698,-8.869714085935065e-05
2024-03-02 16:00:00,0.006309784821252329,1089630.8740599193,-0.00974204443849142,1720127.0477175962,-9.068655387789448e-05
2024-03-03 16:00:00,0.06888130499138057,1164686.0706240651,0.0,1838597.937687965,7.967915746753818e-06
2024-03-04 16:00:00,0.004781490726517346,1170255.006270058,0.0,1847559.3391969334,-9.255015282638723e-05
2024-03-05 16:00:00,-0.0044846091552960266,1165006.8699549083,-0.004484609155296035,1839472.2207620107,-0.00010741906275058
2024-03-06 16:00:00,0.011593579498270667,1178513.469717762,0.0,1860944.7237293164,-7.960736747647523e-05
2024-03-07 16:00:00,0.005206773777010287,1184649.7227477417,0.0,1870802.5420610406,-9.043801333730173e-05
2024-03-08 16:00:00,0.009837900948451495,1196304.1893787445,0.0,1889358.9236358013,-8.104087333871135e-05
2024-03-09 16:00:00,0.013145247782576197,1212029.904371462,0.0,1914334.092336467,-7.361094682001301e-05
2024-03-10 16:00:00,0.04069052439000975,1261348.0367567101,0.0,1992258.7213886722,-1.5342660133699226e-05
2024-03-11 16:00:00,-0.004358671317830187,1255850.2352470972,-0.004358671317830226,1983792.5625070904,-0.00010914348758905845
2024-03-12 16:00:00,0.012788357732107292,1271910.4973133882,0.0,2009304.4746139746,-7.181353229257503e-05
2024-03-13 16:00:00,-0.024676950668314546,1240523.6247166742,-0.024676950668314584,1960034.7499854756,-0.00015616486855929423
2024-03-14 16:00:00,-0.03799427835332192,1193390.824815317,-0.061733646089033346,1885942.026178692,-0.00019253845695910154
2024-03-15 16:00:00,0.0031430554462557048,1197141.7183467643,-0.05878462291533507,1892042.6406668907,-9.172823400382946e-05
2024-03-16 16:00:00,-0.006288023720495972,1189614.0628250046,-0.064703007532539,1880367.0882223565,-0.00011715198981498975
2024-03-17 16:00:00,-0.00723909117396393,1181002.3381623847,-0.07147370773574523,1866981.7036899733,-0.00012059573962974746
2024-03-18 16:00:00,-0.050978775178313174,1120796.2854801423,-0.11880884083623734,1772274.1596783972,-0.00025115217890592234
2024-03-19 16:00:00,-0.007135563279964452,1112798.7726611497,-0.12509663611419555,1759846.0597777225,-0.00012304784446870443
2024-03-20 16:00:00,0.04664662600208791,1164707.0808250569,-0.08428534611104578,1841837.7651553932,5.635469845644003e-05
2024-03-21 16:00:00,-0.04060123697779394,1117418.5326267642,-0.12146449377762976,1767487.736519856,-0.00023393099562751818
2024-03-22 16:00:00,0.019001813103090237,1138651.5107416674,-0.10477072628396343,1801131.0345590822,-3.2716723673553716e-05
2024-03-23 16:00:00,0.008736136797261151,1148598.9261039146,-0.09694988088386741,1816989.8655098097,-6.8792242568394e-05
2024-03-24 16:00:00,0.06275077908951454,1220674.403578315,-0.04028278235245124,1930773.9341908316,0.0001284877708469523
2024-03-25 16:00:00,0.0066770316138458075,1228824.8851612196,-0.033874720149866484,1943813.478899621,-7.650098667277838e-05
2024-03-26 16:00:00,-0.019740589226961758,1204567.1578713835,-0.05294660244117149,1905773.8650228672,-0.0001710089716135954
2024-03-27 16:00:00,0.034985828860254475,1246709.938307355,-0.0198131543526557,1972388.1484842533,3.190033600808384e-05
2024-03-28 16:00:00,-0.02985404400392866,1209490.604948992,-0.04907569557468359,1913921.8512667425,-0.00021165477012530243
2024-03-29 16:00:00,0.01187877460655673,1223857.871233929,-0.037779880094518506,1936758.3464983029,-5.3005793173799276e-05
2024-03-30 16:00:00,0.0055219684854215245,1230615.9758295177,-0.03246653091636198,1947603.8833662118,-7.787151914984136e-05
2024-03-31 16:00:00,-0.03096780987956571,1192506.494255273,-0.0624289234390608,1887732.0931056142,-0.00022655352248979188
2024-04-01 16:00:00,-0.04947094095989524,1133512.0758836786,-0.10881144681331245,1794936.3516388661,-0.0003136787585175105
2024-04-02 16:00:00,0.014776915990714956,1150261.8886034726,-0.095642428430986,1821516.217121008,-3.133359310636408e-05
2024-04-03 16:00:00,0.027568313430023528,1181972.668875104,-0.07071081544515642,1871679.5918536745,2.89622778544274e-05
2024-04-04 16:00:00,0.008091373260819656,1191536.4509230598,-0.06319158978568036,1886940.8115892312,-6.238329130603404e-05
2024-04-05 16:00:00,-0.0014057270960157187,1189861.475848107,-0.06450848675169403,1884489.4989195971,-0.00010663352902162693
2024-04-06 16:00:00,0.021188993857514493,1215073.4433511456,-0.044686362823718705,1924416.0148738795,2.0803845697248136e-06
2024-04-07 16:00:00,0.03206175073978845,1254030.8252224065,-0.014057335110252037,1986011.4708152695,5.440125541689156e-05
2024-04-08 16:00:00,-0.03534112267397793,1209711.9679912718,-0.04890165577962928,1916356.5636248447,-0.0002683609029540124
2024-04-09 16:00:00,-0.00893162402749903,1198907.2755116078,-0.0573965086033825,1899518.3142936989,-0.00014502885478451244
2024-04-10 16:00:00,0.01959640771408555,1222401.5512939168,-0.03892486627325382,1936738.979468182,1.6162901750327308e-06
2024-04-11 16:00:00,-0.009509135225366783,1210777.5696429648,-0.04806385968159894,1918611.4392746778,-0.00014930905071008915
2024-04-12 16:00:00,-0.02436979223353286,1181271.1718297438,-0.0712623456407496,1872296.5700989661,-0.00023000643447568248
2024-04-13 16:00:00,-0.05209235257666822,1119735.9774581348,-0.11964247498285947,1775494.6201157048,-0.0003901000974337876
2024-04-14 16:00:00,0.00608847725338868,1126553.4644866895,-0.11428243821694307,1786417.625104098,-6.361403691412804e-05
2024-04-15 16:00:00,-0.043872583193267034,1077128.653894334,-0.15314115563200784,1708694.9665088719,-0.0003650307021763055
2024-04-16 16:00:00,-0.023885577312991124,1051400.814155703,-0.17336886803234983,1668314.7087060339,-0.0002533558841768535
2024-04-17 16:00:00,0.0533045702239745,1107445.2826874095,-0.1293056508090567,1756816.5029230388,0.0002559495080138863
2024-04-18 16:00:00,-0.0008066548263181428,1106551.9566052465,-0.1300080006080795,1782865.1584361405,-0.015633846778216
2024-04-19 16:00:00,0.0,1106551.9566052465,-0.1300080006080795,1792999.6486267396,-0.0056843840055120776
2024-04-20 16:00:00,0.0,1106551.9566052465,-0.1300080006080795,1799581.6721493814,-0.003670956392926694
2024-04-21 16:00:00,0.0,1106551.9566052465,-0.1300080006080795,1826100.669822571,-0.014736201242545377
2024-04-22 16:00:00,0.0,1106551.9566052465,-0.1300080006080795,1837729.1880510964,-0.006367950256354282
2024-04-23 16:00:00,0.0,1106551.9566052465,-0.1300080006080795,1787729.049715167,0.027207566088099377
2024-04-24 16:00:00,0.0,1106551.9566052465,-0.1300080006080795,1774354.7320571388,0.007481177116945625
2024-04-25 16:00:00,0.0,1106551.9566052465,-0.1300080006080795,1756968.6724454202,0.009798525231514366
2024-04-26 16:00:00,0.0,1106551.9566052465,-0.1300080006080795,1741809.8212976472,0.008627843731939921
2024-04-27 16:00:00,0.0,1106551.9566052465,-0.1300080006080795,1757873.3894239422,-0.009222343294819524
2024-04-28 16:00:00,0.0,1106551.9566052465,-0.1300080006080795,1744286.0344345802,0.007729427540748235
2024-04-29 16:00:00,0.0,1106551.9566052465,-0.1300080006080795,1681996.1321274135,0.035710830149115025
2024-04-30 16:00:00,0.0,1106551.9566052465,-0.1300080006080795,1573856.1693674456,0.0642926346228816
2024-05-01 16:00:00,0.0,1106551.9566052465,-0.1300080006080795,1639731.738965635,-0.04185615615985139
2024-05-02 16:00:00,0.0,1106551.9566052465,-0.1300080006080795,1706788.6974012214,-0.04089507865346742
2024-05-03 16:00:00,0.0,1106551.9566052465,-0.1300080006080795,1759976.0955513935,-0.031162262927540985
2024-05-04 16:00:00,0.0,1106551.9566052465,-0.1300080006080795,1782652.1211048062,-0.012884280423313577
2024-05-05 16:00:00,0.0,1106551.9566052465,-0.1300080006080795,1760529.4392691436,0.012409982617332949
2024-05-06 16:00:00,0.0,1106551.9566052465,-0.1300080006080795,1763558.9961238273,-0.0017208214683086531
2024-05-07 16:00:00,0.0,1106551.9566052465,-0.1300080006080795,1723057.0027030844,0.022966055294868837
2024-05-08 16:00:00,0.0,1106551.9566052465,-0.1300080006080795,1719731.4069594042,0.001930055557339605
2024-05-09 16:00:00,0.0,1106551.9566052465,-0.1300080006080795,1685623.3001972674,0.01983339178671062
2024-05-10 16:00:00,0.0,1106551.9566052465,-0.1300080006080795,1692570.5305736237,-0.00412146081247422
2024-05-11 16:00:00,0.0,1106551.9566052465,-0.1300080006080795,1699088.919568724,-0.003851177175400178
2024-05-12 16:00:00,0.0,1106551.9566052465,-0.1300080006080795,1743306.6160541615,-0.026024356922215164
2024-05-13 16:00:00,0.0,1106551.9566052465,-0.1300080006080795,1709273.2106939207,0.01952232903083484
2024-05-14 16:00:00,0.0,1106551.9566052465,-0.1300080006080795,1790457.0342436759,-0.04749610714181651
2024-05-15 16:00:00,0.0,1106551.9566052465,-0.1300080006080795,1821222.9449506004,-0.01718327226987637
2024-05-16 16:00:00,0.0,1106551.9566052465,-0.1300080006080795,1859207.224455579,-0.020856468786697002
2024-05-17 16:00:00,0.0,1106551.9566052465,-0.1300080006080795,1848544.2910145281,0.005735204392922411
2024-05-18 16:00:00,0.0,1106551.9566052465,-0.1300080006080795,1850588.8960516157,-0.0011060622388254782
2024-05-19 16:00:00,0.0,1106551.9566052465,-0.1300080006080795,1865150.1359842187,-0.007868435806391405
2024-05-20 16:00:00,0.0,1106551.9566052465,-0.1300080006080795,1931764.4194456048,-0.0357152393130189
2024-05-21 16:00:00,0.0,1106551.9566052465,-0.1300080006080795,1949197.5132733323,-0.009024440895712749
2024-05-22 16:00:00,0.0,1106551.9566052465,-0.1300080006080795,1883457.5128859917,0.033726700316245584
2024-05-23 16:00:00,0.0,1106551.9566052465,-0.1300080006080795,1890554.146066141,-0.003767875373666074
2024-05-24 16:00:00,0.007869123531306421,1115259.550645582,-0.12316192609361629,1907337.0610255117,-0.0010081228539888798
2024-05-25 16:00:00,-0.0014372879343965694,1113656.6015497185,-0.12442219487766142,1904786.146486682,-9.986593859145909e-05
2024-05-26 16:00:00,0.022042028834559302,1138203.8524728748,-0.10512268365025464,1946962.0046536205,-0.00010001490338495955
2024-05-27 16:00:00,-0.028401452054238607,1105877.2103289168,-0.13053849884498764,1891865.5706772092,-0.00010278271979857756
2024-05-28 16:00:00,-0.01471851648373379,1089600.338379705,-0.14333568228170962,1864214.98510122,-0.00010300362459791934
2024-05-29 16:00:00,0.01700377105337414,1108127.6530731926,-0.12876915835363284,1896090.3499622338,-9.477450910733154e-05
2024-05-30 16:00:00,-0.01940531885754726,1086624.0826304418,-0.14567567063430986,1859500.4966259862,-0.00010779258883519827
2024-05-31 16:00:00,0.006960573890286259,1094187.6098485554,-0.13972908301349077,1872623.0428924374,-9.645367720390041e-05
2024-06-01 16:00:00,0.006747660762224106,1101570.8166500423,-0.13392426670205834,1885438.483395538,-9.591651390827849e-05
2024-06-02 16:00:00,0.021430253244522968,1125177.7582176288,-0.11536404440854742,1926004.1113438222,-8.496897329690611e-05
2024-06-03 16:00:00,0.011898418317535686,1138565.5938664891,-0.10483827575018743,1949095.1446855476,-9.066997450024594e-05
2024-06-04 16:00:00,0.015803567140407537,1156558.991672916,-0.0906915273394826,1980065.7925680398,-8.618968697859941e-05
2024-06-05 16:00:00,-0.0038078684795108675,1152154.96714383,-0.09415405441067877,1972731.221589258,-0.00010366278780526983
2024-06-06 16:00:00,-0.00281821012177097,1148907.9523535764,-0.09670691862330383,1967374.854401434,-0.00010300638331706136
2024-06-07 16:00:00,-0.023863369866967687,1121491.1369434625,-0.11826253552246888,1920678.1780604748,-0.00012784420621780868
2024-06-08 16:00:00,0.001164811122022824,1122797.4622930244,-0.11723547791714116,1923104.59026281,-9.849900981073745e-05
2024-06-09 16:00:00,0.007825049426878339,1131583.407931841,-0.11032780189954809,1938324.3092195361,-8.909057038830603e-05
2024-06-10 16:00:00,-0.05482561043866607,1069543.6568297117,-0.15910462325071517,1832406.0214863361,-0.00018135548638320564
2024-06-11 16:00:00,0.05281323075662381,1126029.7127821427,-0.114694221676277,1929202.4380324197,-1.1533739384672614e-05
2024-06-12 16:00:00,-0.047059493372051175,1073039.3249767388,-0.15635626308354084,1838761.1740847,-0.00017936189141698478
2024-06-13 16:00:00,-0.0011810678228645344,1071771.9927573404,-0.1573526635551741,1836777.4368565646,-0.00010222340516974349
2024-06-14 16:00:00,-0.0011687727184884755,1070519.3348917656,-0.1583375267733178,1834818.600095728,-0.00010231974409380395
2024-06-15 16:00:00,0.005761098934989217,1076686.702691896,-0.1534886259951912,1845550.701501497,-8.803590875472445e-05
2024-06-16 16:00:00,-0.02023516186865848,1054899.7729810933,-0.17061792067183895,1808471.1389750405,-0.00014383492961012045
2024-06-17 16:00:00,-0.010265227755827722,1044070.9865518714,-0.1791317166127445,1790130.5614502025,-0.00012374574399276472
2024-06-18 16:00:00,0.003412044488795285,1047633.4032074468,-0.17633087751038615,1796402.7124909037,-9.169494550609336e-05
2024-06-19 16:00:00,-0.0015979894499652536,1045959.2960816901,-0.17764709207838666,1793718.995459814,-0.00010404991601276059
2024-06-20 16:00:00,-0.017234154748145825,1027933.0717127566,-0.1918196493510954,1763066.5202150287,-0.00014537143126525098
2024-06-21 16:00:00,0.009007934070508261,1037192.6250516402,-0.18453961403536984,1779080.2874067263,-7.497176888371371e-05
2024-06-22 16:00:00,-0.003297456460297443,1033772.5275295908,-0.1872285591531856,1773408.514299784,-0.00010941983986512138
2024-06-23 16:00:00,-0.05092182441546189,981130.9443972007,-0.22861636375388902,1683548.261255702,-0.0002508975988266826
2024-06-24 16:00:00,0.015901998281038,996732.8869884782,-0.21634982249628248,1710402.0318781305,-4.870015774582903e-05
2024-06-25 16:00:00,-0.0008004333270821284,995935.0687675339,-0.2169770822151303,1700978.5883648407,0.00470905703697122
2024-06-26 16:00:00,0.0,995935.0687675339,-0.2169770822151303,1704024.7455310565,-0.0017908262849706258
2024-06-27 16:00:00,0.0,995935.0687675339,-0.2169770822151303,1689358.3702920813,0.008606902732744337
2024-06-28 16:00:00,0.0,995935.0687675339,-0.2169770822151303,1690882.8322344837,-0.0009023910907304256
2024-06-29 16:00:00,0.0,995935.0687675339,-0.2169770822151303,1707613.1795406681,-0.00989444507167625
2024-06-30 16:00:00,0.0,995935.0687675339,-0.2169770822151303,1746964.2180284904,-0.023044468711823418
2024-07-01 16:00:00,0.0,995935.0687675339,-0.2169770822151303,1713979.3990133868,0.01888122187890484
2024-07-02 16:00:00,0.0,995935.0687675339,-0.2169770822151303,1665094.2482687247,0.02852143425574538
2024-07-03 16:00:00,0.0,995935.0687675339,-0.2169770822151303,1608661.4892139463,0.033891630526892924
2024-07-04 16:00:00,0.0,995935.0687675339,-0.2169770822151303,1567902.1909644492,0.02533739915003108
2024-07-05 16:00:00,0.0,995935.0687675339,-0.2169770822151303,1585888.6285099268,-0.011471657893668663
2024-07-06 16:00:00,0.0,995935.0687675339,-0.2169770822151303,1572215.5052443137,0.008621742422392109
2024-07-07 16:00:00,0.0,995935.0687675339,-0.2169770822151303,1542747.1855555142,0.01874318093830285
2024-07-08 16:00:00,0.0,995935.0687675339,-0.2169770822151303,1590224.0765385013,-0.03077425220898511
2024-07-09 16:00:00,0.0,995935.0687675339,-0.2169770822151303,1596399.3924285965,-0.003883299203680135
2024-07-10 16:00:00,0.0,995935.0687675339,-0.2169770822151303,1588256.9396218988,0.00510051109096854
2024-07-11 16:00:00,0.0,995935.0687675339,-0.2169770822151303,1610559.4581658302,-0.014042135115267085
2024-07-12 16:00:00,0.0,995935.0687675339,-0.2169770822151303,1627884.6499685964,-0.010757250665242024
2024-07-13 16:00:00,0.0,995935.0687675339,-0.2169770822151303,1662471.399046587,-0.021246437257491202
2024-07-14 16:00:00,0.0,995935.0687675339,-0.2169770822151303,1743901.4605507413,-0.04898133077709099
2024-07-15 16:00:00,0.0,995935.0687675339,-0.2169770822151303,1795273.8913066916,-0.029458333465542497
2024-07-16 16:00:00,0.0,995935.0687675339,-0.2169770822151303,1790866.5085948096,0.002454991816693841
2024-07-17 16:00:00,0.0,995935.0687675339,-0.2169770822151303,1757901.0566098273,0.018407542844077418
2024-07-18 16:00:00,0.0,995935.0687675339,-0.2169770822151303,1821516.217121006,-0.036188134862301435
2024-07-19 16:00:00,0.0,995935.0687675339,-0.2169770822151303,1848917.7980240078,-0.015043281330929581
2024-07-20 16:00:00,0.0,995935.0687675339,-0.2169770822151303,1858335.7081001203,-0.0050937419100933745
2024-07-21 16:00:00,0.0,995935.0687675339,-0.2169770822151303,1855508.1217024156,0.001521569211300089
2024-07-22 16:00:00,0.0,995935.0687675339,-0.2169770822151303,1842164.2379488635,0.007191498435107357
2024-07-23 16:00:00,0.0,995935.0687675339,-0.2169770822151303,1830945.1940714736,0.006090143129627634
2024-07-24 16:00:00,0.0,995935.0687675339,-0.2169770822151303,1792224.967421887,0.021147671036228277
2024-07-25 16:00:00,0.0,995935.0687675339,-0.2169770822151303,1869275.3134000462,-0.04299144771372987
2024-07-26 16:00:00,0.0,995935.0687675339,-0.2169770822151303,1905231.5881794698,-0.019235408782038776
2024-07-27 16:00:00,0.0,995935.0687675339,-0.2169770822151303,1871568.923110122,0.01766854238518778
2024-07-28 16:00:00,0.005645985965176736,1001558.1041880228,-0.21255614581090512,1884135.3589402346,-0.0010683998503506764
2024-07-29 16:00:00,-0.027734527831935973,973780.3630721191,-0.23439552930099947,1832062.9483813297,-9.722974089332315e-05
2024-07-30 16:00:00,0.002437067751761335,976153.5317922605,-0.2325296993348547,1836711.0356104334,-0.00010001059110376076
2024-07-31 16:00:00,-0.05258476048162963,924822.7321296677,-0.2728869412720956,1740321.3266968965,-0.00010524299372938195
2024-08-01 16:00:00,0.008114474143638306,932327.1822769827,-0.26698680115754636,1754614.1949263902,-9.830128480592393e-05
2024-08-02 16:00:00,-0.040168456026296706,894877.0388535686,-0.2964308096019445,1684331.2426163189,-0.00011238414833036892
2024-08-03 16:00:00,-0.02952534031008014,868455.4897457402,-0.3172039293801347,1634790.3795661223,-0.00011256104390477972
2024-08-04 16:00:00,-0.08086614378449752,798226.843241525,-0.3724190146023706,1502826.2030384096,-0.00014375993811333032
2024-08-05 16:00:00,0.03848863144422898,828949.5020199383,-0.34826428135399523,1560777.8905984128,-7.317127310235705e-05
2024-08-06 16:00:00,-0.005775162667623013,824162.1838025281,-0.35202816114547614,1551927.1578329946,-0.00010444371476492353
2024-08-07 16:00:00,0.05944624023656808,873155.5269747478,-0.3135086715463993,1644258.0905768324,-4.813247146717714e-05
2024-08-08 16:00:00,0.006350387562969351,878700.4029737862,-0.3091491855521012,1654854.6227717532,-9.417990222915229e-05
2024-08-09 16:00:00,0.011798993236591615,889068.1830854643,-0.3009978414649366,1674525.9919377815,-8.807460328918992e-05
2024-08-10 16:00:00,-0.0066501851546511,883155.7150528367,-0.3056463352426956,1663569.7863263227,-0.00010731531315044673
2024-08-11 16:00:00,0.0012203175163707503,884233.4454415985,-0.30479900330303605,1665763.794167203,-9.853779040014388e-05
2024-08-12 16:00:00,-0.012192546389782066,873452.388138655,-0.3132752737054865,1645646.983308386,-0.00011591768092333865
2024-08-13 16:00:00,-0.0007113095495248078,872831.0931139167,-0.31376374756119463,1644642.664460669,-0.00010102140273293703
2024-08-14 16:00:00,0.003808635939397176,876155.3889841737,-0.311150123507239,1651061.4515865743,-9.421011014887348e-05
2024-08-15 16:00:00,-0.0007952318093096267,875458.6423489554,-0.31169791884086506,1606746.9199505304,0.026044793795709564
2024-08-16 16:00:00,0.0,875458.6423489554,-0.31169791884086506,1643273.138759237,-0.02273302556561374
2024-08-17 16:00:00,0.0,875458.6423489554,-0.31169791884086506,1656251.8156590734,-0.007898064292364726
2024-08-18 16:00:00,0.0,875458.6423489554,-0.31169791884086506,1619637.0618555269,0.022106996929676548
2024-08-19 16:00:00,0.0,875458.6423489554,-0.31169791884086506,1627699.279823151,-0.004977792962077343
2024-08-20 16:00:00,0.0,875458.6423489554,-0.31169791884086506,1646714.9366836445,-0.011682536876565841
2024-08-21 16:00:00,0.0,875458.6423489554,-0.31169791884086506,1671294.4646261188,-0.014926401282286061
2024-08-22 16:00:00,0.0,875458.6423489554,-0.31169791884086506,1702472.6164027671,-0.018655091868339913
2024-08-23 16:00:00,0.0,875458.6423489554,-0.31169791884086506,1770259.9885457843,-0.03981701173335073
2024-08-24 16:00:00,0.0,875458.6423489554,-0.31169791884086506,1774393.4661173802,-0.0023349550904052663
2024-08-25 16:00:00,0.0,875458.6423489554,-0.31169791884086506,1757806.9881778108,0.009347688805382504
2024-08-26 16:00:00,0.0,875458.6423489554,-0.31169791884086506,1707176.038003646,0.028803475304561288
2024-08-27 16:00:00,0.0,875458.6423489554,-0.31169791884086506,1632430.3686099171,0.04378322312978089
2024-08-28 16:00:00,0.0,875458.6423489554,-0.31169791884086506,1681539.6235602682,-0.030083522026222553
2024-08-29 16:00:00,0.0,875458.6423489554,-0.31169791884086506,1607131.493834367,0.044250000822674274
2024-08-30 16:00:00,0.0,875458.6423489554,-0.31169791884086506,1632745.7745290347,-0.015937887343341117
2024-08-31 16:00:00,0.0,875458.6423489554,-0.31169791884086506,1610620.3259747836,0.013551067716364718
2024-09-01 16:00:00,0.0,875458.6423489554,-0.31169791884086506,1619518.0929562105,-0.00552443480187792
2024-09-02 16:00:00,0.0,875458.6423489554,-0.31169791884086506,1597060.6381713091,0.013866751401281574
2024-09-03 16:00:00,0.0,875458.6423489554,-0.31169791884086506,1608257.548299989,-0.007010948652206972
2024-09-04 16:00:00,0.0,875458.6423489554,-0.31169791884086506,1548701.1639585095,0.037031621212929244
2024-09-05 16:00:00,0.0,875458.6423489554,-0.31169791884086506,1495245.3941052286,0.034516516870592984
2024-09-06 16:00:00,0.0,875458.6423489554,-0.31169791884086506,1515721.8783805834,-0.013694397157871352
2024-09-07 16:00:00,0.0,875458.6423489554,-0.31169791884086506,1485393.1092106823,0.020009455298161227
2024-09-08 16:00:00,0.0,875458.6423489554,-0.31169791884086506,1532316.6564759193,-0.031589985825484
2024-09-09 16:00:00,0.0,875458.6423489554,-0.31169791884086506,1565746.9171838115,-0.02181680957823473
2024-09-10 16:00:00,0.0,875458.6423489554,-0.31169791884086506,1568740.5066968417,-0.0019119242581133733
2024-09-11 16:00:00,0.0,875458.6423489554,-0.31169791884086506,1591256.0625721067,-0.01435263243292817
2024-09-12 16:00:00,0.0,875458.6423489554,-0.31169791884086506,1650627.0767681398,-0.037310785858101214
2024-09-13 16:00:00,0.0,875458.6423489554,-0.31169791884086506,1656581.0551711346,-0.0036071008932268
2024-09-14 16:00:00,0.0,875458.6423489554,-0.31169791884086506,1669277.5267749184,-0.0076642622249909476
2024-09-15 16:00:00,0.0,875458.6423489554,-0.31169791884086506,1601426.52010436,0.04064692993360308
2024-09-16 16:00:00,0.0,875458.6423489554,-0.31169791884086506,1691405.742047758,-0.05618691885877758
2024-09-17 16:00:00,0.0,875458.6423489554,-0.31169791884086506,1644260.857295421,0.027873196584552007
2024-09-18 16:00:00,0.0,875458.6423489554,-0.31169791884086506,1747354.3253495046,-0.06269897358236576
2024-09-19 16:00:00,0.0,875458.6423489554,-0.31169791884086506,1747459.4606558774,-6.0168281182271244e-05
2024-09-20 16:00:00,0.0,875458.6423489554,-0.31169791884086506,1747738.8992333412,-0.00015991133628867615
2024-09-21 16:00:00,0.0,875458.6423489554,-0.31169791884086506,1733517.9656871548,0.008136760904288609
2024-09-22 16:00:00,0.0,875458.6423489554,-0.31169791884086506,1760078.464139176,-0.01532173244105528
2024-09-23 16:00:00,0.0,875458.6423489554,-0.31169791884086506,1747459.4606558776,0.007169568709807672
2024-09-24 16:00:00,0.0,875458.6423489554,-0.31169791884086506,1756838.6366717475,-0.00536732108929705
2024-09-25 16:00:00,0.0,875458.6423489554,-0.31169791884086506,1804813.5370007101,-0.027307516653805486
2024-09-26 16:00:00,0.010732887708516214,884854.8416507368,-0.30431044989424605,1826037.0352950285,-0.0010264978785334833
2024-09-27 16:00:00,-0.005873654838383868,879657.5097288075,-0.30839669018623783,1815493.0707532936,-9.942116298022885e-05
2024-09-28 16:00:00,0.001990847347829394,881408.7735490493,-0.3070198135711451,1819289.0086570617,-0.00010001048298180493
2024-09-29 16:00:00,-0.03352072849061516,851863.3093616655,-0.33024901424980263,1758493.1343878214,-0.00010334731591232771
2024-09-30 16:00:00,-0.014722583172419146,839321.6809380562,-0.34010947884231957,1732784.785261136,-0.00010304976398467502
2024-10-01 16:00:00,-0.012144419781342064,829128.6061131628,-0.348123466340987,1711920.9603833559,-0.00010378723698600822
2024-10-02 16:00:00,-0.020135700287648994,812433.521000552,-0.3612494568472964,1677635.783631539,-0.00010838737704632617
2024-10-03 16:00:00,0.020487562011436866,829078.3031422207,-0.34816301548461653,1712156.1314633999,-8.92212025784822e-05
2024-10-04 16:00:00,0.004479044089192641,832791.7814153878,-0.3452434088920057,1719991.478506746,-9.725996355114397e-05
2024-10-05 16:00:00,0.008875658298218347,840183.3567007952,-0.33943201312082494,1735418.7013576285,-9.370175016742976e-05
2024-10-06 16:00:00,0.01478956191905434,852609.3004780806,-0.3296625019771302,1761237.719227864,-8.812601299168499e-05
2024-10-07 16:00:00,-0.02164839230900395,834151.6798550257,-0.3441742311137655,1723319.8409690154,-0.00011928363452473612
2024-10-08 16:00:00,0.0002598757372260785,834368.4556377864,-0.3440037979085843,1723939.5859328958,-9.974698001258275e-05
2024-10-09 16:00:00,-0.024436314848646057,813979.5653560429,-0.36003392764240616,1682032.0994690666,-0.00012717617244850654
2024-10-10 16:00:00,0.02414076368312834,833629.6536861988,-0.3445846579244016,1722755.43037691,-7.002927421040361e-05
2024-10-11 16:00:00,0.014356601066914054,845597.7420617213,-0.3351751213250872,1747628.230489792,-8.119995481337128e-05
2024-10-12 16:00:00,-0.014938852001701086,832965.4825400886,-0.3451068417946606,1721731.7444990717,-0.00012077711659652657
2024-10-13 16:00:00,0.058609790667491835,881785.4151050096,-0.30672369088267304,1822661.6386167516,-1.1358904821401339e-05
2024-10-14 16:00:00,0.0021042302691227643,883640.8946663445,-0.30526487788816264,1826673.380570442,-9.680467268635695e-05
2024-10-15 16:00:00,0.0262393471855642,906827.0548888573,-0.2870354818170648,1874709.1487083575,-5.750952064920156e-05
2024-10-16 16:00:00,-0.002595530202662566,904473.3578793018,-0.2888860027574353,1870038.9277305435,-0.0001043592490074241
2024-10-17 16:00:00,0.016999217319273674,919848.6970493853,-0.2767976213795315,1901958.5600889772,-6.974947339677406e-05
2024-10-18 16:00:00,-0.007627471040933309,912832.5777506009,-0.28231382657919324,1887668.4585780723,-0.00011410991374005697
2024-10-19 16:00:00,0.005835727485031139,918159.6199138119,-0.2781256056513346,1898851.5351138085,-8.855253613315739e-05
2024-10-20 16:00:00,-0.01908661764293129,900635.0583133379,-0.29190374620249016,1862873.1265856752,-0.0001391602652396351
2024-10-21 16:00:00,-0.0008146871005465517,899901.32254903,-0.2924806230864044,1861545.1016630742,-0.00010179640302754311
2024-10-22 16:00:00,-0.015942841774315042,885554.338151134,-0.30376049256479976,1832121.0494716947,-0.0001365891269349273
2024-10-23 16:00:00,0.02226917827763386,905274.9055819536,-0.2882558108497933,1873004.8500576857,-4.5832293190661844e-05
2024-10-24 16:00:00,-0.0002513024385988327,905047.4077905786,-0.2884346739001853,1872722.644761633,-0.00010063262263759754
2024-10-25 16:00:00,-0.011969093199533987,894214.8110167364,-0.2969514656058308,1850552.9287099615,-0.0001308660527195027
2024-10-26 16:00:00,0.013388975314960527,906187.4310477116,-0.28753836613360806,1875447.8625715536,-6.372494308970467e-05
2024-10-27 16:00:00,0.01033640437189498,915554.1507717494,-0.28017407458650406,1894967.0622152,-7.134944157671796e-05
2024-10-28 16:00:00,0.05710299976596511,967835.039228997,-0.23906985493608165,2003057.2240405707,6.23450861871877e-05
2024-10-29 16:00:00,-0.004783327780148672,963205.5669992516,-0.24270963323771846,1993702.9484919994,-0.00011332862270985178
2024-10-30 16:00:00,-0.0200331134266849,943909.5606223412,-0.2578805170520031,1954078.0048638908,-0.00015806450925204274
2024-10-31 16:00:00,-0.017668352996385583,927232.2333086025,-0.27099254604222345,1919853.6959210264,-0.00015405271887525274
2024-11-01 16:00:00,-9.599530338499918e-05,927143.2233690576,-0.2710625273339361,1919861.9960767927,-0.00010031863061765733
2024-11-02 16:00:00,-0.018771198430636016,909739.6339495776,-0.28474555727687706,1884135.3589402356,-0.00016223736491161045
2024-11-03 16:00:00,0.00793789135790357,916961.0483278482,-0.2790679452172831,1899227.8088418788,-7.238764356487515e-05
2024-11-04 16:00:00,0.014323248686980206,930094.9094593221,-0.2687418561102146,1926524.2544385078,-4.914280262946491e-05
2024-11-05 16:00:00,0.06712653254486267,992528.9556689543,-0.21965503251570112,2055572.3095736757,0.00014162184993904425
2024-11-06 16:00:00,0.023669616066666288,1016021.7349846876,-0.2011845667357926,2104263.7900171257,-1.7938108233250816e-05
2024-11-07 16:00:00,0.004682513975589053,1020779.2709582557,-0.19744410230561668,2114293.144901352,-8.36921112177258e-05
2024-11-08 16:00:00,-0.001382113824544895,1019368.4378160555,-0.19855332590679012,2111592.82755873,-0.0001049411916325127
2024-11-09 16:00:00,0.044166584910182216,1064390.460479618,-0.16315616332446928,2204723.3419747176,6.219451799749365e-05
2024-11-10 16:00:00,0.05507512616069943,1123011.899374778,-0.11706688344276073,2325930.5166293615,9.898818137288323e-05
2024-11-11 16:00:00,0.030264087779897197,1156998.8300753252,-0.09034571809949428,2396307.5373714506,6.511193268776694e-06
2024-11-12 16:00:00,0.06841851986649328,1236158.9775163434,-0.028108518541643836,2559922.974554489,0.0001403733300471277
2024-11-13 16:00:00,-0.0496673103198928,1174762.2859753177,-0.07637975434849638,2433464.5680183927,-0.00026800893735634546
2024-11-14 16:00:00,0.005434087261472431,1181146.0467487944,-0.07136072133716354,2446883.1531738406,-8.010239709110856e-05
2024-11-15 16:00:00,0.023596430219128273,1209016.8770195015,-0.0494481493994543,2504649.4705883972,-1.1692359029424892e-05
2024-11-16 16:00:00,-0.0030697417972505026,1205305.5073785335,-0.052366098145696614,2497240.198207719,-0.00011153448413780964
2024-11-17 16:00:00,0.022959049982336888,1232978.176766423,-0.030609324028066823,2554602.574708318,-1.1258016776816149e-05
2024-11-18 16:00:00,0.0004149562155892905,1233489.8087245582,-0.03020706934173797,2555913.999319386,-9.84013704603548e-05
2024-11-19 16:00:00,0.025376280631701942,1264791.1922670968,-0.005597331778713346,2620771.4164769147,8.504823310051535e-07
2024-11-20 16:00:00,0.02040866435961841,1290603.8911950777,0.0,2674307.421169269,-1.8910649697945203e-05
2024-11-21 16:00:00,0.020575989425420493,1317159.3432127142,0.0,2729381.72139697,-1.7865937558481093e-05
2024-11-22 16:00:00,-0.0028819520260944254,1313363.3531748531,-0.002881952026094397,2721820.2794939103,-0.00011156566211245611
2024-11-23 16:00:00,-0.025171929514369862,1280303.4634219792,-0.027981337247199665,2653861.370798391,-0.00020374582953230913
2024-11-24 16:00:00,0.0006764726230221729,1281169.5536641446,-0.02732379323278082,2655914.275991245,-9.708141994457797e-05
2024-11-25 16:00:00,-0.033374408638670805,1238411.277444734,-0.05978628643054221,2567932.6248689257,-0.00024771779715915265
2024-11-26 16:00:00,0.02944250414047267,1274873.2066085087,-0.0321040402758442,2643441.9085931503,3.7805982522121084e-05
2024-11-27 16:00:00,-0.005840716004935409,1267427.0342664071,-0.03775724569891735,2628338.3918171516,-0.00012713602161862347
2024-11-28 16:00:00,0.031680107597130025,1307579.2590834782,-0.007273291708100352,2711469.9852533885,5.115384632992104e-05
2024-11-29 16:00:00,-0.01400653045153899,1289264.6103733247,-0.02117794857784691,2673942.2143155537,-0.0001661519329002603
2024-11-30 16:00:00,0.0038787401031352697,1294265.3327211328,-0.017381352233162683,2684530.446354708,-8.104331419822586e-05
2024-12-01 16:00:00,-3.422069638092662e-05,1294221.0420601454,-0.017414978127566122,2684707.516344389,-0.00010018008600931605
2024-12-02 16:00:00,-0.014103484951726197,1275968.0150692428,-0.03127285119733551,2647304.247743048,-0.00017151345254740047
2024-12-03 16:00:00,0.0005550474261715177,1276676.237831884,-0.030735161686730197,2649030.6801424297,-9.709990477979602e-05
2024-12-04 16:00:00,0.05830021253971074,1351106.7338418812,0.0,2802910.034611649,0.0002112837769281395
2024-12-05 16:00:00,-0.01990361954628994,1324214.819445062,-0.019903619546289917,2747689.0982987443,-0.0002023320875378376
2024-12-06 16:00:00,0.004162406971309762,1329726.7404410318,-0.015824059539733953,2759339.7502759797,-7.775687562960876e-05
2024-12-07 16:00:00,0.0016515946182109609,1331922.9099692353,-0.014198599853097111,2764148.3071832308,-9.105302304823759e-05
2024-12-08 16:00:00,-0.021253738240002762,1303614.5690848865,-0.03515056476844757,2706000.1826034263,-0.00021719529160357798
2024-12-09 16:00:00,-0.022204651631648864,1274668.2617164145,-0.05657471035475737,2646529.566538198,-0.00022733749561953953
2024-12-10 16:00:00,0.04952011143799173,1337789.9760830826,-0.009856184878105264,2777068.882992704,0.00019539649620536892
2024-12-11 16:00:00,0.014141760722943486,1356708.681822402,0.0,2816392.2542946376,-1.8266614785877877e-05
2024-12-12 16:00:00,-0.01907689638966248,1330826.8908683204,-0.01907689638966252,2763257.423797652,-0.00021062148922490476
2024-12-13 16:00:00,0.017520226055611543,1354143.27883722,-0.001890901871237316,2811655.632070694,5.314901758035617e-06
2024-12-14 16:00:00,0.01051872659856179,1368387.1417625889,0.0,2841334.2223722385,-3.683005034660347e-05
2024-12-15 16:00:00,0.0353924263093488,1416817.6828400816,0.0,2941572.4368427303,0.00011385412265174644
2024-12-16 16:00:00,0.001329058433787056,1418700.7163305988,0.0,2945752.948630335,-9.212424226889837e-05
2024-12-17 16:00:00,-0.019411860526510116,1391161.0958963293,-0.019411860526510092,2889209.5208320064,-0.00021696238523227773
2024-12-18 16:00:00,-0.036248007875360644,1340734.2775363838,-0.05495622712863036,2785424.3731307345,-0.000326366695324376
2024-12-19 16:00:00,-0.0369636803108484,1291175.8043197326,-0.08988852302880573,2683420.992200619,-0.0003432708988826416
2024-12-20 16:00:00,0.005451808893334187,1298215.0480525808,-0.08492676918472869,2698217.4032132654,-6.220141501933618e-05
2024-12-21 16:00:00,-0.022334921111744732,1269219.5173682466,-0.1053648576064571,2638644.4185602535,-0.00025627593583421593
2024-12-22 16:00:00,-0.022435197515927485,1240744.3268050198,-0.1254361737307462,2580139.3872824996,-0.0002628157936201969
2024-12-23 16:00:00,0.05446697336824502,1308323.9150099098,-0.07780132909650833,2719872.5096074287,0.00030977433718759606
2024-12-24 16:00:00,0.00221595819134901,1311223.1061063139,-0.07575777539766851,2726128.0603365977,-8.398443723822702e-05
2024-12-25 16:00:00,-0.025590429500062073,1277668.343650648,-0.09940953088733497,2657148.2324818284,-0.0002872059067242638
2024-12-26 16:00:00,-0.015452935670556833,1257924.6169279076,-0.11332629747204956,2616665.6060912064,-0.00021756946262407872
2024-12-27 16:00:00,-0.0015117672838393936,1256022.9276464998,-0.114666741766972,2613002.4706796985,-0.0001118423553424508
2024-12-28 16:00:00,0.0005534444083703516,1256718.0665125907,-0.11417675902565863,2614698.469174603,-9.561678232317128e-05
2024-12-29 16:00:00,-0.02551409999400589,1224654.0360993147,-0.1367777417728924,2548784.1655161716,-0.00030495850579470574
2024-12-30 16:00:00,0.03596527835873076,1268699.0594007696,-0.10573171297030232,2639942.0095783784,0.00020005143385848356
2024-12-31 16:00:00,-0.010401973474164161,1255502.0854381858,-0.11503386797077145,2612969.2700566337,-0.0001848022545384298
